delta_h_m,pred_frac,meas_frac,source
0.1,1.0903970549325461e-17,1.1092382541954804e-17,Chou2010 slope (NIST)
0.2,2.1807941098650923e-17,2.2703831102603732e-17,Chou2010 slope (NIST)
0.33,3.598310281277403e-17,3.657761037704699e-17,Chou2010 slope (NIST)
0.5,5.451985274662731e-17,5.0967455727988695e-17,Chou2010 slope (NIST)
1.0,1.0903970549325462e-16,1.1397569234668596e-16,Chou2010 slope (NIST)
